College,Department,Total Courses,Sustainable Courses,Sustainable Enrollment,SDG1,SDG2,SDG3,SDG4,SDG5,SDG6,SDG7,SDG8,SDG9,SDG10,SDG11,SDG12,SDG13,SDG14,SDG15,SDG16,SDG17
,AI中心,6,6,0,0,0,0,1,0,0,0,0,6,0,0,0,0,0,0,0,1
,X實驗學士,7,0,0,0,0,0,0,0,0,0,0,0,0,0,0,0,0,0,0,0
,中文一乙,1,0,0,0,0,0,0,0,0,0,0,0,0,0,0,0,0,0,0,0
,中文一甲,1,0,0,0,0,0,0,0,0,0,0,0,0,0,0,0,0,0,0,0
,中文一甲中文一乙,3,0,0,0,0,0,0,0,0,0,0,0,0,0,0,0,0,0,0,0
,中文三乙,2,0,0,0,0,0,0,0,0,0,0,0,0,0,0,0,0,0,0,0
,中文三甲,2,0,0,0,0,0,0,0,0,0,0,0,0,0,0,0,0,0,0,0
,中文三甲中文三乙,8,1,0,0,0,0,1,0,0,0,0,0,0,0,0,0,0,0,0,0
,中文二乙,3,0,0,0,0,0,0,0,0,0,0,0,0,0,0,0,0,0,0,0
,中文二甲,3,0,0,0,0,0,0,0,0,0,0,0,0,0,0,0,0,0,0,0
,中文二甲中文二乙,5,0,0,0,0,0,0,0,0,0,0,0,0,0,0,0,0,0,0,0
,中文四甲中文四乙,1,0,0,0,0,0,0,0,0,0,0,0,0,0,0,0,0,0,0,0
,中文碩一中文博一中文碩二中文博二,14,0,0,0,0,0,0,0,0,0,0,0,0,0,0,0,0,0,0,0
,中文系,34,16,0,0,0,0,14,1,0,0,0,0,5,1,0,0,0,0,0,0
,中東亞一,1,0,0,0,0,0,0,0,0,0,0,0,0,0,0,0,0,0,0,0
,中東亞一中東亞二,12,1,0,0,0,0,0,0,0,0,1,1,0,0,0,0,0,0,0,0
,亞太博一亞太博二,5,0,0,0,0,0,0,0,0,0,0,0,0,0,0,0,0,0,0,0
,亞太博一亞太博二亞太博三,14,0,0,0,0,0,0,0,0,0,0,0,0,0,0,0,0,0,0,0
,亞太碩一亞太碩二,17,1,0,0,0,0,0,0,0,0,1,1,0,0,0,0,0,0,0,1
,亞太碩一亞太碩二亞太碩三,2,0,0,0,0,0,0,0,0,0,0,0,0,0,0,0,0,0,0,0
,亞太碩一亞太碩二亞太碩三亞太碩四,1,0,0,0,0,0,0,0,0,0,0,0,0,0,0,0,0,0,0,0
,亞際碩一,10,0,0,0,0,0,0,0,0,0,0,0,0,0,0,0,0,0,0,0
,人智學程,3,0,0,0,0,0,0,0,0,0,0,0,0,0,0,0,0,0,0,0
,人智應學士,11,3,0,0,0,0,0,0,0,0,0,3,0,0,0,0,0,0,0,0
,企博學一企博學二,3,0,0,0,0,0,0,0,0,0,0,0,0,0,0,0,0,0,0,0
,企博學一企博學二企博學三,6,0,0,0,0,0,0,0,0,0,0,0,0,0,0,0,0,0,0,0
,企博學一企博學二企博學三企博學四企博學五企博學六,1,0,0,0,0,0,0,0,0,0,0,0,0,0,0,0,0,0,0,0
,企博學三,2,0,0,0,0,0,0,0,0,0,0,0,0,0,0,0,0,0,0,0
,企博產一,6,1,3,0,0,0,0,0,0,0,0,1,0,0,0,0,0,0,0,0
,企博產二,2,0,0,0,0,0,0,0,0,0,0,0,0,0,0,0,0,0,0,0
,企研碩一,2,2,0,0,0,0,0,0,0,0,1,0,0,0,0,0,0,0,1,1
,企研碩一企研碩二,26,5,0,0,0,0,0,0,0,0,3,2,0,0,3,0,0,0,0,0
,企研碩二,4,1,22,0,0,0,0,0,0,0,1,1,0,0,0,0,0,0,0,1
,企管一乙,1,0,0,0,0,0,0,0,0,0,0,0,0,0,0,0,0,0,0,0
,企管一甲,1,0,0,0,0,0,0,0,0,0,0,0,0,0,0,0,0,0,0,0
,企管一甲企管一乙,1,0,0,0,0,0,0,0,0,0,0,0,0,0,0,0,0,0,0,0
,企管三甲企管三乙,4,1,0,0,0,0,0,0,0,0,1,0,0,0,0,0,0,0,0,0
,企管三甲企管三乙企管四甲企管四乙,10,0,0,0,0,0,0,0,0,0,0,0,0,0,0,0,0,0,0,0
,企管二甲企管二乙,3,2,0,0,0,0,0,1,0,0,2,0,2,0,0,0,0,0,0,0
,企管四甲企管四乙,1,1,0,0,0,0,0,0,0,0,0,1,0,0,0,0,0,0,0,0
,企管系,16,4,0,0,0,0,1,0,0,0,3,0,1,0,0,0,0,0,0,0
,俄研所,1,1,0,0,0,0,0,0,0,0,1,0,0,0,0,0,0,0,0,1
,俄羅碩一俄羅碩二,8,1,0,0,0,0,0,0,0,0,1,0,0,0,0,0,0,0,0,0
,傳在碩一,2,0,0,0,0,0,0,0,0,0,0,0,0,0,0,0,0,0,0,0
,傳在碩一傳在碩二,6,1,0,0,0,0,1,0,0,0,0,0,0,0,0,0,0,0,0,0
,傳在碩二,1,0,0,0,0,0,0,0,0,0,0,0,0,0,0,0,0,0,0,0
,傳播博一傳播博二,7,0,0,0,0,0,0,0,0,0,0,0,0,0,0,0,0,0,0,0
,傳播學,3,0,0,0,0,0,0,0,0,0,0,0,0,0,0,0,0,0,0,0
,傳播碩一傳播碩二,16,0,0,0,0,0,0,0,0,0,0,0,0,0,0,0,0,0,0,0
,傳播院學,14,3,170,0,0,0,3,0,0,0,0,1,0,0,0,0,0,0,0,0
,傳院一丁,2,0,0,0,0,0,0,0,0,0,0,0,0,0,0,0,0,0,0,0
,傳院一丙,2,0,0,0,0,0,0,0,0,0,0,0,0,0,0,0,0,0,0,0
,傳院一乙,2,0,0,0,0,0,0,0,0,0,0,0,0,0,0,0,0,0,0,0
,傳院一甲,2,0,0,0,0,0,0,0,0,0,0,0,0,0,0,0,0,0,0,0
,傳院一甲傳院一乙傳院一丙傳院一丁,15,2,37,0,0,0,1,0,0,0,0,0,0,0,0,0,0,0,1,0
,傳院二甲傳院二乙傳院二丙傳院二丁,8,1,0,0,0,0,0,0,0,0,0,0,0,0,0,0,0,0,0,1
,全創碩一全創碩二,18,2,0,0,0,0,0,0,0,0,0,1,0,0,0,0,0,0,1,0
,全創碩一全創碩二全創碩三,2,0,0,0,0,0,0,0,0,0,0,0,0,0,0,0,0,0,0,0
,公行一,4,1,72,0,0,0,0,0,0,0,0,0,0,0,0,0,0,0,1,0
,公行三,2,1,56,0,0,0,0,0,0,0,0,0,0,0,0,0,0,0,1,0
,公行三公行四,8,0,0,0,0,0,0,0,0,0,0,0,0,0,0,0,0,0,0,0
,公行二,3,0,0,0,0,0,0,0,0,0,0,0,0,0,0,0,0,0,0,0
,公行博一公行博二,2,0,0,0,0,0,0,0,0,0,0,0,0,0,0,0,0,0,0,0
,公行碩一,3,1,0,0,0,0,0,0,0,0,0,0,0,0,0,0,0,0,1,0
,公行碩一公行博一公行碩二公行博二,6,0,0,0,0,0,0,0,0,0,0,0,0,0,0,0,0,0,0,0
,公行碩一公行碩二,5,0,0,0,0,0,0,0,0,0,0,0,0,0,0,0,0,0,0,0
,公行系,1,1,0,0,0,0,0,0,0,0,0,1,0,0,0,0,0,0,0,0
,創國學一,3,0,0,0,0,0,0,0,0,0,0,0,0,0,0,0,0,0,0,0
,創國學一創國學二,1,0,0,0,0,0,0,0,0,0,0,0,0,0,0,0,0,0,0,0
,創國學一創國學二創國學三創國學四,3,0,0,0,0,0,0,0,0,0,0,0,0,0,0,0,0,0,0,0
,創國學三創國學四,12,0,0,0,0,0,0,0,0,0,0,0,0,0,0,0,0,0,0,0
,創國學二,2,0,0,0,0,0,0,0,0,0,0,0,0,0,0,0,0,0,0,0
,創國學二創國學三創國學四,3,0,0,0,0,0,0,0,0,0,0,0,0,0,0,0,0,0,0,0
,創國學士,1,0,0,0,0,0,0,0,0,0,0,0,0,0,0,0,0,0,0,0
,創國學院,7,1,0,0,0,0,0,0,0,1,0,1,0,0,0,1,0,0,0,0
,創國碩士,2,0,0,0,0,0,0,0,0,0,0,0,0,0,0,0,0,0,0,0
,創新創造力研究中心,16,1,0,0,0,0,1,0,0,0,1,1,0,0,0,0,0,0,0,0
,勞工所,2,1,0,0,0,0,0,0,0,0,1,0,0,0,0,0,0,0,0,0
,勞工碩一,1,1,9,0,0,0,0,0,0,0,1,0,0,0,0,0,0,0,1,0
,勞工碩一勞工碩二,9,0,0,0,0,0,0,0,0,0,0,0,0,0,0,0,0,0,0,0
,原碩專一原碩專二,1,0,0,0,0,0,0,0,0,0,0,0,0,0,0,0,0,0,0,0
,原碩專一原碩專二原碩專三原碩專四,5,0,0,0,0,0,0,0,0,0,0,0,0,0,0,0,0,0,0,0
,台史博一,1,0,0,0,0,0,0,0,0,0,0,0,0,0,0,0,0,0,0,0
,台史所,5,1,0,0,0,0,0,0,0,0,0,0,0,0,0,0,0,0,1,0
,台史碩一台史博一台史碩二台史博二,21,0,0,0,0,0,0,0,0,0,0,0,0,0,0,0,0,0,0,0
,台史碩一台史碩二,2,0,0,0,0,0,0,0,0,0,0,0,0,0,0,0,0,0,0,0
,台文博一台文博二,2,0,0,0,0,0,0,0,0,0,0,0,0,0,0,0,0,0,0,0
,台文博三,1,0,0,0,0,0,0,0,0,0,0,0,0,0,0,0,0,0,0,0
,台文所,7,0,0,0,0,0,0,0,0,0,0,0,0,0,0,0,0,0,0,0
,台文碩一,1,1,8,0,0,0,0,0,0,0,0,0,0,0,0,0,0,0,1,0
,台文碩一台文博一台文碩二台文博二,6,0,0,0,0,0,0,0,0,0,0,0,0,0,0,0,0,0,0,0
,哲學一,2,0,0,0,0,0,0,0,0,0,0,0,0,0,0,0,0,0,0,0
,哲學一哲學二,1,0,0,0,0,0,0,0,0,0,0,0,0,0,0,0,0,0,0,0
,哲學一哲學二哲學三哲學四,5,0,0,0,0,0,0,0,0,0,0,0,0,0,0,0,0,0,0,0
,哲學三哲學四,2,0,0,0,0,0,0,0,0,0,0,0,0,0,0,0,0,0,0,0
,哲學二,4,0,0,0,0,0,0,0,0,0,0,0,0,0,0,0,0,0,0,0
,哲學二哲學三哲學四,2,0,0,0,0,0,0,0,0,0,0,0,0,0,0,0,0,0,0,0
,哲學碩一哲學博一哲學碩二哲學博二,12,0,0,0,0,0,0,0,0,0,0,0,0,0,0,0,0,0,0,0
,哲學碩一哲學博一哲學碩二哲學博二哲學碩三哲學博三哲學碩四哲學博四,1,0,0,0,0,0,0,0,0,0,0,0,0,0,0,0,0,0,0,0
,哲學系,2,0,0,0,0,0,0,0,0,0,0,0,0,0,0,0,0,0,0,0
,商學院,7,1,0,0,0,0,1,0,0,0,0,0,0,0,0,0,0,0,0,0
,商院博士,1,0,0,0,0,0,0,0,0,0,0,0,0,0,0,0,0,0,0,0
,商院學士,13,4,43,0,0,0,2,0,0,0,1,1,2,0,1,0,0,0,0,0
,商院碩士,16,1,0,0,0,0,0,0,0,0,1,0,0,0,0,0,0,0,0,0
,商院選修,19,0,0,0,0,0,0,0,0,0,0,0,0,0,0,0,0,0,0,0
,國傳碩一國傳碩二,11,1,0,0,0,0,0,0,0,0,0,1,0,0,0,0,0,0,0,0
,國務院,6,1,0,0,0,0,0,0,0,0,0,0,1,0,0,1,0,0,1,0
,國安碩一,3,1,0,0,0,0,0,0,0,0,0,0,0,0,0,0,0,0,0,1
,國安碩一國安碩二,5,0,0,0,0,0,0,0,0,0,0,0,0,0,0,0,0,0,0,0
,國教碩一國教碩二,4,0,0,0,0,0,0,0,0,0,0,0,0,0,0,0,0,0,0,0
,國教碩二,1,0,0,0,0,0,0,0,0,0,0,0,0,0,0,0,0,0,0,0
,國營碩一國營碩二,17,1,0,0,0,0,0,0,0,0,1,0,0,0,0,0,0,0,0,0
,國發博一國發博二,1,0,0,0,0,0,0,0,0,0,0,0,0,0,0,0,0,0,0,0
,國發所,4,1,0,0,0,0,0,0,0,0,0,0,1,0,0,0,0,0,1,0
,國發碩一國發博一國發碩二國發博二,9,0,0,0,0,0,0,0,0,0,0,0,0,0,0,0,0,0,0,0
,國發碩一國發碩二,3,0,0,0,0,0,0,0,0,0,0,0,0,0,0,0,0,0,0,0
,國研碩一國研碩二,11,0,0,0,0,0,0,0,0,0,0,0,0,0,0,0,0,0,0,0
,國貿三甲國貿三乙國貿四甲國貿四乙,14,1,0,0,0,0,0,0,0,0,1,0,0,0,0,0,0,0,0,0
,國貿二甲國貿二乙,5,3,0,0,0,0,1,0,0,0,1,0,1,0,0,0,1,0,2,2
,國貿二甲國貿二乙國貿三甲國貿三乙國貿四甲國貿四乙,2,0,0,0,0,0,0,0,0,0,0,0,0,0,0,0,0,0,0,0
,國貿博一,1,0,0,0,0,0,0,0,0,0,0,0,0,0,0,0,0,0,0,0
,國貿博一國貿博二,1,0,0,0,0,0,0,0,0,0,0,0,0,0,0,0,0,0,0,0
,國貿博二,1,0,0,0,0,0,0,0,0,0,0,0,0,0,0,0,0,0,0,0
,國貿碩一,1,0,0,0,0,0,0,0,0,0,0,0,0,0,0,0,0,0,0,0
,國貿碩一國貿博一國貿碩二國貿博二,5,0,0,0,0,0,0,0,0,0,0,0,0,0,0,0,0,0,0,0
,國貿碩一國貿碩二,13,1,0,0,0,0,0,0,0,0,0,0,1,0,0,0,0,0,1,0
,國貿系,7,3,298,0,0,0,0,0,0,0,2,0,1,0,0,0,0,0,0,0
,國關通,5,4,0,0,0,0,0,0,0,0,1,1,1,0,0,0,0,0,3,1
,圖檔博一圖檔博二,2,0,0,0,0,0,0,0,0,0,0,0,0,0,0,0,0,0,0,0
,圖檔所,2,0,0,0,0,0,0,0,0,0,0,0,0,0,0,0,0,0,0,0
,圖檔碩一圖檔博一圖檔碩二圖檔博二,7,1,0,0,0,1,0,0,0,0,0,0,0,0,0,0,0,0,0,0
,圖檔碩一圖檔碩二,6,0,0,0,0,0,0,0,0,0,0,0,0,0,0,0,0,0,0,0
,圖資專一,3,0,0,0,0,0,0,0,0,0,0,0,0,0,0,0,0,0,0,0
,圖資專二,1,0,0,0,0,0,0,0,0,0,0,0,0,0,0,0,0,0,0,0
,土文一,4,4,72,0,0,0,4,0,0,0,0,0,0,0,0,0,0,0,0,0
,土文三,3,0,0,0,0,0,0,0,0,0,0,0,0,0,0,0,0,0,0,0
,土文三土文四,3,0,0,0,0,0,0,0,0,0,0,0,0,0,0,0,0,0,0,0
,土文二,9,2,24,0,0,0,2,0,0,0,0,0,0,0,0,0,0,0,0,0
,土文四,2,1,17,0,0,0,1,0,0,0,0,0,0,0,0,0,0,0,0,0
,土文系,1,0,0,0,0,0,0,0,0,0,0,0,0,0,0,0,0,0,0,0
,地一土測,3,0,0,0,0,0,0,0,0,0,0,0,0,0,0,0,0,0,0,0
,地一土管,3,0,0,0,0,0,0,0,0,0,0,0,0,0,0,0,0,0,0,0
,地一土資,2,1,45,0,0,0,0,0,0,0,0,1,0,0,0,0,0,0,0,0
,地三土測,3,0,0,0,0,0,0,0,0,0,0,0,0,0,0,0,0,0,0,0
,地三土管,3,0,0,0,0,0,0,0,0,0,0,0,0,0,0,0,0,0,0,0
,地三土管地三土資,2,0,0,0,0,0,0,0,0,0,0,0,0,0,0,0,0,0,0,0
,地三土管地三土資地三土測,2,0,0,0,0,0,0,0,0,0,0,0,0,0,0,0,0,0,0,0
,地三土管地三土資地三土測地四土管地四土資地四土測,1,0,0,0,0,0,0,0,0,0,0,0,0,0,0,0,0,0,0,0
,地三土資,2,2,65,0,0,0,0,0,0,0,0,1,0,2,0,0,0,0,0,0
,地二土測,3,0,0,0,0,0,0,0,0,0,0,0,0,0,0,0,0,0,0,0
,地二土管,2,0,0,0,0,0,0,0,0,0,0,0,0,0,0,0,0,0,0,0
,地二土管地二土資,2,0,0,0,0,0,0,0,0,0,0,0,0,0,0,0,0,0,0,0
,地二土管地二土資地二土測,1,0,0,0,0,0,0,0,0,0,0,0,0,0,0,0,0,0,0,0
,地二土資,5,2,82,0,0,0,0,0,0,0,0,2,0,2,0,2,0,0,0,0
,地四土測,1,0,0,0,0,0,0,0,0,0,0,0,0,0,0,0,0,0,0,0
,地四土管,2,0,0,0,0,0,0,0,0,0,0,0,0,0,0,0,0,0,0,0
,地四土管地四土資,2,0,0,0,0,0,0,0,0,0,0,0,0,0,0,0,0,0,0,0
,地政博一地政碩二地政博二,1,0,0,0,0,0,0,0,0,0,0,0,0,0,0,0,0,0,0,0
,地政專一地政專二,9,0,0,0,0,0,0,0,0,0,0,0,0,0,0,0,0,0,0,0
,地政碩一地政博一地政碩二地政博二,5,0,0,0,0,0,0,0,0,0,0,0,0,0,0,0,0,0,0,0
,地政碩一地政碩二,6,0,0,0,0,0,0,0,0,0,0,0,0,0,0,0,0,0,0,0
,地政系,1,0,0,0,0,0,0,0,0,0,0,0,0,0,0,0,0,0,0,0
,外交一,6,1,0,0,0,0,1,0,0,0,0,0,1,1,1,1,0,0,0,1
,外交一外交二,1,0,0,0,0,0,0,0,0,0,0,0,0,0,0,0,0,0,0,0
,外交三,4,1,129,0,0,0,0,0,0,0,0,0,0,0,0,0,0,0,1,0
,外交三外交四,8,0,0,0,0,0,0,0,0,0,0,0,0,0,0,0,0,0,0,0
,外交二,2,0,0,0,0,0,0,0,0,0,0,0,0,0,0,0,0,0,0,0
,外交二外交三外交四,1,0,0,0,0,0,0,0,0,0,0,0,0,0,0,0,0,0,0,0
,外交博一,1,0,0,0,0,0,0,0,0,0,0,0,0,0,0,0,0,0,0,0
,外交碩一外交博一外交碩二外交博二,8,0,0,0,0,0,0,0,0,0,0,0,0,0,0,0,0,0,0,0
,外交碩一外交碩二,5,0,0,0,0,0,0,0,0,0,0,0,0,0,0,0,0,0,0,0
,外交系,5,3,0,0,0,0,0,0,0,0,0,0,0,0,0,0,0,0,3,2
,外戰略一,1,0,0,0,0,0,0,0,0,0,0,0,0,0,0,0,0,0,0,0
,外戰略一外戰略二,7,0,0,0,0,0,0,0,0,0,0,0,0,0,0,0,0,0,0,0
,外文中,62,5,0,0,0,0,5,0,0,0,0,0,0,0,0,0,0,0,0,0
,外文中心,61,13,0,0,0,0,12,0,0,0,4,1,0,0,0,0,0,0,0,0
,學行碩一,5,0,0,0,0,0,0,0,0,0,0,0,0,0,0,0,0,0,0,0
,學行碩二學行碩三,2,0,0,0,0,0,0,0,0,0,0,0,0,0,0,0,0,0,0,0
,宗教博一宗教博二,1,0,0,0,0,0,0,0,0,0,0,0,0,0,0,0,0,0,0,0
,宗教所,3,0,0,0,0,0,0,0,0,0,0,0,0,0,0,0,0,0,0,0
,宗教碩一宗教博一宗教碩二宗教博二,6,0,0,0,0,0,0,0,0,0,0,0,0,0,0,0,0,0,0,0
,宗教碩一宗教碩二,6,0,0,0,0,0,0,0,0,0,0,0,0,0,0,0,0,0,0,0
,師培中,1,0,0,0,0,0,0,0,0,0,0,0,0,0,0,0,0,0,0,0
,師資培一師資培二師資培三,10,5,0,0,0,0,5,0,0,0,1,0,1,0,0,0,0,0,0,0
,師資培二師資培三,6,2,0,0,0,0,2,0,0,0,0,0,0,0,0,0,0,0,0,0
,幼教碩一幼教碩二幼教碩三幼教碩四,7,0,0,0,0,0,0,0,0,0,0,0,0,0,0,0,0,0,0,0
,廣告三,4,0,0,0,0,0,0,0,0,0,0,0,0,0,0,0,0,0,0,0
,廣告三廣告四,10,1,0,0,0,0,1,0,0,0,1,0,0,0,0,0,0,0,0,0
,廣告四,2,0,0,0,0,0,0,0,0,0,0,0,0,0,0,0,0,0,0,0
,廣告系,1,0,0,0,0,0,0,0,0,0,0,0,0,0,0,0,0,0,0,0
,廣電三,14,0,0,0,0,0,0,0,0,0,0,0,0,0,0,0,0,0,0,0
,廣電四,7,1,26,0,0,0,1,0,0,0,0,0,0,0,0,0,0,0,0,0
,廣電系,1,0,0,0,0,0,0,0,0,0,0,0,0,0,0,0,0,0,0,0
,心理一,2,1,71,0,0,0,1,0,0,0,0,0,0,0,0,0,0,0,0,0
,心理三,3,0,0,0,0,0,0,0,0,0,0,0,0,0,0,0,0,0,0,0
,心理三心理四,1,0,0,0,0,0,0,0,0,0,0,0,0,0,0,0,0,0,0,0
,心理二,8,0,0,0,0,0,0,0,0,0,0,0,0,0,0,0,0,0,0,0
,心理博一,4,4,9,0,0,0,4,0,0,0,0,0,0,0,0,0,0,0,0,0
,心理博一心理碩二,1,0,0,0,0,0,0,0,0,0,0,0,0,0,0,0,0,0,0,0
,心理四,1,0,0,0,0,0,0,0,0,0,0,0,0,0,0,0,0,0,0,0
,心理碩一,6,0,0,0,0,0,0,0,0,0,0,0,0,0,0,0,0,0,0,0
,心理碩一心理博一,5,0,0,0,0,0,0,0,0,0,0,0,0,0,0,0,0,0,0,0
,心理碩一心理博一心理碩二心理博二,1,1,0,0,0,0,1,0,0,0,0,0,0,0,0,0,0,0,0,0
,心理碩一心理碩二,1,0,0,0,0,0,0,0,0,0,0,0,0,0,0,0,0,0,0,0
,心理碩二,3,0,0,0,0,0,0,0,0,0,0,0,0,0,0,0,0,0,0,0
,心理系,1,0,0,0,0,0,0,0,0,0,0,0,0,0,0,0,0,0,0,0
,應數一,5,0,0,0,0,0,0,0,0,0,0,0,0,0,0,0,0,0,0,0
,應數一應數二,1,0,0,0,0,0,0,0,0,0,0,0,0,0,0,0,0,0,0,0
,應數三,2,1,40,0,0,0,1,0,0,0,0,0,0,0,0,0,0,0,0,0
,應數三應數四,6,2,0,0,0,0,0,0,0,0,0,2,0,0,0,0,0,0,0,0
,應數二,5,2,141,0,0,0,2,0,0,0,0,0,0,0,0,0,0,0,0,0
,應數博一,1,0,0,0,0,0,0,0,0,0,0,0,0,0,0,0,0,0,0,0
,應數博二,1,0,0,0,0,0,0,0,0,0,0,0,0,0,0,0,0,0,0,0
,應數四,1,0,0,0,0,0,0,0,0,0,0,0,0,0,0,0,0,0,0,0
,應數碩一,7,2,0,0,0,0,2,0,0,0,0,2,0,0,0,0,0,0,0,0
,應數碩一應數博一,7,0,0,0,0,0,0,0,0,0,0,0,0,0,0,0,0,0,0,0
,應數碩二,1,0,0,0,0,0,0,0,0,0,0,0,0,0,0,0,0,0,0,0
,應數系,9,1,76,0,0,0,1,0,0,0,0,0,0,0,0,0,0,0,0,0
,應物所,1,1,0,0,0,0,1,0,0,0,0,0,0,0,0,0,0,0,0,0
,應物碩一,1,1,0,0,0,0,0,0,0,0,0,1,0,0,0,0,0,0,0,0
,應物碩一應物碩二,3,0,0,0,0,0,0,0,0,0,0,0,0,0,0,0,0,0,0,0
,應社碩一應社碩二,12,1,0,0,0,0,0,0,0,0,1,1,0,0,0,0,0,0,0,1
,應社碩一應社碩二應社碩三應社碩四,3,0,0,0,0,0,0,0,0,0,0,0,0,0,0,0,0,0,0,0
,政治一,2,1,89,0,0,0,0,0,0,0,0,0,0,0,0,0,0,0,1,0
,政治一政治二政治三政治四,1,0,0,0,0,0,0,0,0,0,0,0,0,0,0,0,0,0,0,0
,政治三政治四,14,0,0,0,0,0,0,0,0,0,0,0,0,0,0,0,0,0,0,0
,政治二,4,2,147,0,0,0,0,0,0,0,0,0,0,0,0,0,0,0,2,0
,政治二政治三政治四,3,0,0,0,0,0,0,0,0,0,0,0,0,0,0,0,0,0,0,0
,政治博一政治博二,2,0,0,0,0,0,0,0,0,0,0,0,0,0,0,0,0,0,0,0
,政治碩一政治博一政治碩二政治博二,6,1,0,0,0,0,0,0,0,0,0,0,0,0,0,0,0,0,1,0
,政治碩一政治碩二,9,1,0,0,0,0,0,1,0,0,0,0,0,0,0,0,0,0,1,0
,政治系,2,2,182,0,0,0,0,0,0,0,0,0,0,0,0,0,0,0,2,0
,教務處通識教育中心,31,16,0,0,0,11,0,1,0,0,1,2,0,2,0,1,0,2,1,1
,教政碩一教政碩二教政碩三,7,0,0,0,0,0,0,0,0,0,0,0,0,0,0,0,0,0,0,0
,教育一,3,0,0,0,0,0,0,0,0,0,0,0,0,0,0,0,0,0,0,0
,教育三,4,0,0,0,0,0,0,0,0,0,0,0,0,0,0,0,0,0,0,0
,教育三教育四,13,2,0,0,0,0,2,0,0,0,0,0,0,0,0,0,0,0,0,0
,教育二,5,0,0,0,0,0,0,0,0,0,0,0,0,0,0,0,0,0,0,0
,教育二教育三教育四,1,0,0,0,0,0,0,0,0,0,0,0,0,0,0,0,0,0,0,0
,教育博一教育博二,7,0,0,0,0,0,0,0,0,0,0,0,0,0,0,0,0,0,0,0
,教育四,2,1,0,0,0,1,1,0,0,0,0,0,0,0,0,0,0,0,0,0
,教育碩一教育博一教育碩二教育博二,7,0,0,0,0,0,0,0,0,0,0,0,0,0,0,0,0,0,0,0
,教育碩一教育碩二,4,0,0,0,0,0,0,0,0,0,0,0,0,0,0,0,0,0,0,0
,教育系,3,1,0,0,0,0,1,0,0,0,0,0,0,0,0,0,0,0,0,0
,教院博士教院碩士,2,0,0,0,0,0,0,0,0,0,0,0,0,0,0,0,0,0,0,0
,教院學士,1,0,0,0,0,0,0,0,0,0,0,0,0,0,0,0,0,0,0,0
,教院碩士,1,1,0,0,0,0,1,0,0,0,0,0,0,0,0,0,0,0,0,0
,數位學程,14,3,0,0,0,0,0,0,0,0,0,3,0,0,0,0,0,0,0,0
,數位碩一,2,1,0,0,0,0,0,0,0,0,0,1,0,0,0,0,0,0,0,0
,數位碩一數位碩二,10,2,0,0,0,0,0,0,0,0,0,2,0,0,0,0,0,0,0,0
,數位碩二,1,0,0,0,0,0,0,0,0,0,0,0,0,0,0,0,0,0,0,0
,文院博士文院碩士,4,0,0,0,0,0,0,0,0,0,0,0,0,0,0,0,0,0,0,0
,文院學士,3,0,0,0,0,0,0,0,0,0,0,0,0,0,0,0,0,0,0,0
,文院碩士文院學士,1,0,0,0,0,0,0,0,0,0,0,0,0,0,0,0,0,0,0,0
,斯語一乙,3,1,26,0,0,0,1,0,0,0,0,0,0,0,0,0,0,0,0,0
,斯語一甲,3,2,59,0,0,0,2,0,0,0,0,0,0,0,0,0,0,0,0,0
,斯語一甲斯語一乙,4,1,8,0,0,0,1,0,0,0,0,0,0,0,0,0,0,0,0,0
,斯語一甲斯語一乙斯語二甲斯語二乙,3,1,9,0,0,0,1,0,0,0,0,0,0,0,0,0,0,0,0,0
,斯語三甲斯語三乙,11,8,137,0,0,0,8,0,0,0,0,0,0,0,0,0,0,0,0,0
,斯語三甲斯語三乙斯語四甲斯語四乙,1,1,3,0,0,0,1,0,0,0,0,0,0,0,0,0,0,0,0,0
,斯語二甲斯語二乙,13,5,104,0,0,0,5,0,0,0,0,0,0,0,0,0,0,0,0,0
,斯語二甲斯語二乙斯語三甲斯語三乙,2,0,0,0,0,0,0,0,0,0,0,0,0,0,0,0,0,0,0,0
,斯語四甲斯語四乙,3,0,0,0,0,0,0,0,0,0,0,0,0,0,0,0,0,0,0,0
,斯語碩一斯語碩二,4,0,0,0,0,0,0,0,0,0,0,0,0,0,0,0,0,0,0,0
,斯語系,1,0,0,0,0,0,0,0,0,0,0,0,0,0,0,0,0,0,0,0
,新聞三,8,0,0,0,0,0,0,0,0,0,0,0,0,0,0,0,0,0,0,0
,新聞四,5,1,0,0,0,1,0,0,0,1,0,0,0,0,0,1,0,0,0,0
,日學博一日學博二,10,0,0,0,0,0,0,0,0,0,0,0,0,0,0,0,0,0,0,0
,日學碩一日學碩二,13,1,0,0,0,0,1,0,0,0,0,0,0,0,0,0,0,0,0,0
,日文一,4,3,89,0,0,0,3,0,0,0,0,0,0,0,0,0,0,0,0,0
,日文三,11,3,90,0,0,0,3,0,0,0,0,0,0,0,0,0,0,0,0,0
,日文三日文四,1,0,0,0,0,0,0,0,0,0,0,0,0,0,0,0,0,0,0,0
,日文二,10,7,151,0,0,0,7,0,0,0,0,0,0,0,0,0,0,0,0,0
,日文二日文三日文四,1,0,0,0,0,0,0,0,0,0,0,0,0,0,0,0,0,0,0,0
,日文四,5,0,0,0,0,0,0,0,0,0,0,0,0,0,0,0,0,0,0,0
,日文碩一,9,0,0,0,0,0,0,0,0,0,0,0,0,0,0,0,0,0,0,0
,日文系,35,15,525,0,0,0,15,0,0,0,0,0,0,0,0,0,0,0,0,0
,會計三乙,2,0,0,0,0,0,0,0,0,0,0,0,0,0,0,0,0,0,0,0
,會計三甲,3,0,0,0,0,0,0,0,0,0,0,0,0,0,0,0,0,0,0,0
,會計三甲會計三乙,1,0,0,0,0,0,0,0,0,0,0,0,0,0,0,0,0,0,0,0
,會計三甲會計三乙會計四甲會計四乙,5,0,0,0,0,0,0,0,0,0,0,0,0,0,0,0,0,0,0,0
,會計二甲會計二乙,1,0,0,0,0,0,0,0,0,0,0,0,0,0,0,0,0,0,0,0
,會計博一會計博二,2,0,0,0,0,0,0,0,0,0,0,0,0,0,0,0,0,0,0,0
,會計四乙,1,0,0,0,0,0,0,0,0,0,0,0,0,0,0,0,0,0,0,0
,會計四甲,1,0,0,0,0,0,0,0,0,0,0,0,0,0,0,0,0,0,0,0
,會計四甲會計四乙,10,2,0,0,0,0,0,0,0,0,0,0,0,0,0,0,0,0,2,0
,會計碩一會碩稅一會計碩二會碩稅二,16,1,0,0,0,0,0,0,0,0,0,0,0,0,0,0,0,0,1,0
,會計碩一會計博一會碩稅一會計碩二會計博二會碩稅二,1,0,0,0,0,0,0,0,0,0,0,0,0,0,0,0,0,0,0,0
,會計系,24,0,0,0,0,0,0,0,0,0,0,0,0,0,0,0,0,0,0,0
,東亞博一,3,0,0,0,0,0,0,0,0,0,0,0,0,0,0,0,0,0,0,0
,東亞所,3,1,0,0,0,0,0,0,0,0,0,0,1,0,0,0,0,0,1,0
,東亞碩一,3,0,0,0,0,0,0,0,0,0,0,0,0,0,0,0,0,0,0,0
,東亞碩一東亞博一,5,1,0,0,0,0,0,0,0,0,1,1,0,0,0,0,0,0,1,0
,東亞碩一東亞博一東亞碩二東亞博二,2,0,0,0,0,0,0,0,0,0,0,0,0,0,0,0,0,0,0,0
,東亞碩一東亞碩二,3,1,0,0,0,0,0,0,0,0,0,0,0,0,0,0,0,0,1,0
,東南印一,4,2,37,0,0,0,2,0,0,0,0,0,0,0,0,0,0,0,0,0
,東南印三,2,2,16,0,0,0,2,0,0,0,0,0,0,0,0,0,0,0,0,0
,東南印三東南印四,2,0,0,0,0,0,0,0,0,0,0,0,0,0,0,0,0,0,0,0
,東南印二,4,3,66,0,0,0,3,0,0,0,0,0,0,0,0,0,0,0,0,0
,東南泰一,4,1,24,0,0,0,1,0,0,0,0,0,0,0,0,0,0,0,0,0
,東南泰三,2,1,11,0,0,0,1,0,0,0,0,0,0,0,0,0,0,0,0,0
,東南泰三東南印三東南泰四東南印四,1,1,3,0,0,0,1,0,0,0,0,0,0,0,0,0,0,0,0,0
,東南泰三東南泰四,4,0,0,0,0,0,0,0,0,0,0,0,0,0,0,0,0,0,0,0
,東南泰二,4,2,38,0,0,0,2,0,0,0,0,0,0,0,0,0,0,0,0,0
,東南泰二東南印二,1,1,10,0,0,0,1,0,0,0,0,0,0,0,0,0,0,0,0,0
,東南越一,3,2,42,0,0,0,2,0,0,0,0,0,0,0,0,0,0,0,0,0
,東南越一東南泰一東南印一東南越二東南泰二東南印二,1,0,0,0,0,0,0,0,0,0,0,0,0,0,0,0,0,0,0,0
,東南越三,2,2,36,0,0,0,2,0,0,0,0,0,0,0,0,0,0,0,0,0
,東南越三東南泰三東南印三,1,0,0,0,0,0,0,0,0,0,0,0,0,0,0,0,0,0,0,0
,東南越三東南越四,4,0,0,0,0,0,0,0,0,0,0,0,0,0,0,0,0,0,0,0
,東南越二,4,2,43,0,0,0,2,0,0,0,0,0,0,0,0,0,0,0,0,0
,東南越二東南印二,1,1,25,0,0,0,1,0,0,0,0,0,0,0,0,0,0,0,0,0
,東南越二東南泰二,1,1,26,0,0,0,1,0,0,0,0,0,0,0,0,0,0,0,0,0
,東南越二東南泰二東南印二,3,0,0,0,0,0,0,0,0,0,0,0,0,0,0,0,0,0,0,0
,東南越四東南泰四東南印四,2,1,0,0,0,0,0,0,0,0,1,0,0,0,0,0,0,0,0,0
,校選修,2,0,0,0,0,0,0,0,0,0,0,0,0,0,0,0,0,0,0,0
,歐文學系,2,1,0,0,0,0,1,0,0,0,0,0,0,0,1,0,0,1,0,0
,歐文德一,5,4,76,0,0,0,4,0,0,0,0,0,0,0,0,0,0,0,0,0
,歐文德三,3,3,58,0,0,0,3,0,0,0,0,0,0,0,0,0,0,0,0,0
,歐文德三歐文德四歐文德選歐文訪讀,1,0,0,0,0,0,0,0,0,0,0,0,0,0,0,0,0,0,0,0
,歐文德二,4,3,66,0,0,0,3,0,0,0,0,0,0,0,0,0,0,0,0,0
,歐文德二歐文德三,1,0,0,0,0,0,0,0,0,0,0,0,0,0,0,0,0,0,0,0
,歐文德二歐文德三歐文德四,1,0,0,0,0,0,0,0,0,0,0,0,0,0,0,0,0,0,0,0
,歐文德二歐文德三歐文德四歐文德選歐文訪讀,1,0,0,0,0,0,0,0,0,0,0,0,0,0,0,0,0,0,0,0
,歐文德四,1,1,12,0,0,0,1,0,0,0,0,0,0,0,0,0,0,0,0,0
,歐文法一,4,4,100,0,0,0,4,0,0,0,0,0,0,0,0,0,0,0,0,0
,歐文法三,3,3,63,0,0,0,3,0,0,0,0,0,0,0,0,0,0,0,0,0
,歐文法三歐文法四歐文法選歐文訪讀,2,0,0,0,0,0,0,0,0,0,0,0,0,0,0,0,0,0,0,0
,歐文法二,6,3,66,0,0,0,3,0,0,0,0,0,0,0,0,0,0,0,0,0
,歐文法二歐文德二歐文西二歐文法三歐文德三歐文西三歐文法四歐文德四歐文西四歐文法選歐文德選歐文西選歐文訪讀,1,0,0,0,0,0,0,0,0,0,0,0,0,0,0,0,0,0,0,0
,歐文法二歐文法三歐文法四,1,0,0,0,0,0,0,0,0,0,0,0,0,0,0,0,0,0,0,0
,歐文法四,1,1,16,0,0,0,0,0,0,0,0,0,0,0,0,0,0,0,1,1
,歐文西一,4,2,44,0,0,0,2,0,0,0,0,0,0,0,0,0,0,0,0,0
,歐文西三,3,3,69,0,0,0,3,0,0,0,0,0,0,0,0,0,0,0,0,0
,歐文西二,5,2,41,0,0,0,2,0,0,0,0,0,0,0,0,0,0,0,0,0
,歐文西二歐文西三歐文西四歐文西選歐文訪讀,2,0,0,0,0,0,0,0,0,0,0,0,0,0,0,0,0,0,0,0
,歐文西四,2,2,31,0,0,0,1,0,0,0,1,0,0,0,0,0,0,0,0,0
,歷史一,2,0,0,0,0,0,0,0,0,0,0,0,0,0,0,0,0,0,0,0
,歷史三,4,0,0,0,0,0,0,0,0,0,0,0,0,0,0,0,0,0,0,0
,歷史二,12,1,0,0,0,0,0,0,0,0,0,0,0,0,0,0,0,0,1,0
,歷史碩一歷史博一歷史碩二歷史博二,10,0,0,0,0,0,0,0,0,0,0,0,0,0,0,0,0,0,0,0
,歷史碩一歷史碩二,5,0,0,0,0,0,0,0,0,0,0,0,0,0,0,0,0,0,0,0
,歷史系,7,0,0,0,0,0,0,0,0,0,0,0,0,0,0,0,0,0,0,0
,民族一,3,1,51,0,0,0,0,0,0,0,0,0,1,0,0,0,0,0,0,0
,民族三,1,0,0,0,0,0,0,0,0,0,0,0,0,0,0,0,0,0,0,0
,民族三民族四,13,1,0,0,0,0,0,0,0,0,0,0,1,0,0,0,0,0,0,0
,民族二,11,4,63,0,0,0,3,0,0,0,0,0,4,1,0,0,0,0,1,0
,民族博一,1,0,0,0,0,0,0,0,0,0,0,0,0,0,0,0,0,0,0,0
,民族碩一,11,1,0,0,0,0,0,0,0,0,0,0,1,0,0,0,0,0,0,0
,民族碩一民族博一,1,0,0,0,0,0,0,0,0,0,0,0,0,0,0,0,0,0,0,0
,民族碩一民族碩二,1,0,0,0,0,0,0,0,0,0,0,0,0,0,0,0,0,0,0,0
,民族系,13,1,1,0,0,0,1,0,0,0,0,0,0,0,0,0,0,0,0,0
,法學院,2,1,0,0,0,0,0,0,0,0,0,0,0,0,0,1,0,0,1,0
,法律一丙,3,0,0,0,0,0,0,0,0,0,0,0,0,0,0,0,0,0,0,0
,法律一乙,3,0,0,0,0,0,0,0,0,0,0,0,0,0,0,0,0,0,0,0
,法律一甲,3,0,0,0,0,0,0,0,0,0,0,0,0,0,0,0,0,0,0,0
,法律一甲法律一乙法律一丙,6,0,0,0,0,0,0,0,0,0,0,0,0,0,0,0,0,0,0,0
,法律一甲法律一乙法律一丙法律二甲法律二乙法律二丙法律三甲法律三乙法律三丙法律四甲法律四乙法律四丙,3,0,0,0,0,0,0,0,0,0,0,0,0,0,0,0,0,0,0,0
,法律三甲法律三乙法律三丙,13,2,0,0,0,0,0,0,0,0,0,0,0,0,0,0,0,0,2,0
,法律三甲法律三乙法律三丙法律四甲法律四乙法律四丙,38,1,0,0,0,0,0,0,0,0,0,0,0,0,0,0,0,0,1,0
,法律二甲法律二乙法律二丙,11,1,0,0,0,0,0,0,0,0,0,0,0,0,0,0,1,0,1,0
,法律二甲法律二乙法律二丙法律三甲法律三乙法律三丙法律四甲法律四乙法律四丙,4,0,0,0,0,0,0,0,0,0,0,0,0,0,0,0,0,0,0,0
,法律四甲法律四乙法律四丙,7,0,0,0,0,0,0,0,0,0,0,0,0,0,0,0,0,0,0,0
,法律碩一法律博一法律碩二法律博二,33,1,0,0,0,0,0,0,0,0,0,0,0,0,0,0,0,0,1,0
,法律碩一法律碩二,27,0,0,0,0,0,0,0,0,0,0,0,0,0,0,0,0,0,0,0
,法律系,12,3,238,0,0,0,0,0,0,0,0,0,0,0,0,0,0,0,3,0
,法碩專一法碩專二,18,0,0,0,0,0,0,0,0,0,0,0,0,0,0,0,0,0,0,0
,法科碩一,2,0,0,0,0,0,0,0,0,0,0,0,0,0,0,0,0,0,0,0
,法科碩一法科碩二,37,1,0,0,0,0,0,0,0,0,0,0,0,0,0,0,0,0,1,0
,法科碩二,1,1,0,0,0,0,0,0,0,0,0,0,1,0,0,0,0,0,1,0
,生科學程生科程碩生科程學,1,0,0,0,0,0,0,0,0,0,0,0,0,0,0,0,0,0,0,0
,社工碩一,1,1,20,0,0,0,0,1,0,0,0,0,1,0,0,0,0,0,0,0
,社工碩一社工博一社工碩二社工博二,7,0,0,0,0,0,0,0,0,0,0,0,0,0,0,0,0,0,0,0
,社工碩一社工碩二,4,0,0,0,0,0,0,0,0,0,0,0,0,0,0,0,0,0,0,0
,社會一,1,0,0,0,0,0,0,0,0,0,0,0,0,0,0,0,0,0,0,0
,社會一社會二社會三社會四,1,0,0,0,0,0,0,0,0,0,0,0,0,0,0,0,0,0,0,0
,社會三,3,1,67,0,0,0,1,0,0,0,0,0,0,0,0,0,0,0,0,0
,社會三社會四,8,0,0,0,0,0,0,0,0,0,0,0,0,0,0,0,0,0,0,0
,社會二,2,1,64,0,0,0,0,0,0,0,0,0,1,0,0,0,0,0,0,0
,社會二社會三社會四,4,0,0,0,0,0,0,0,0,0,0,0,0,0,0,0,0,0,0,0
,社會二社會四,1,0,0,0,0,0,0,0,0,0,0,0,0,0,0,0,0,0,0,0
,社會碩一,2,0,0,0,0,0,0,0,0,0,0,0,0,0,0,0,0,0,0,0
,社會碩一社會博一社會碩二社會博二,4,0,0,0,0,0,0,0,0,0,0,0,0,0,0,0,0,0,0,0
,社會碩一社會碩二,4,0,0,0,0,0,0,0,0,0,0,0,0,0,0,0,0,0,0,0
,社會系,4,2,83,0,0,0,0,1,0,0,0,0,2,0,0,0,0,0,0,0
,社科院,5,0,0,0,0,0,0,0,0,0,0,0,0,0,0,0,0,0,0,0
,神科所,7,6,0,0,0,6,0,0,0,0,0,0,0,0,0,0,0,0,0,0
,神科碩一,4,1,0,0,0,1,0,0,0,0,0,0,0,0,0,0,0,0,0,0
,科博學一科博學二,1,0,0,0,0,0,0,0,0,0,0,0,0,0,0,0,0,0,0,0
,科博學二,1,0,0,0,0,0,0,0,0,0,0,0,0,0,0,0,0,0,0,0
,科博產一,5,0,0,0,0,0,0,0,0,0,0,0,0,0,0,0,0,0,0,0
,科博產二,3,1,3,0,0,0,0,0,0,0,1,1,0,0,0,0,0,0,0,0
,科智博一,1,0,0,0,0,0,0,0,0,0,0,0,0,0,0,0,0,0,0,0
,科智碩1A科博學一科智碩2A科博學二,3,0,0,0,0,0,0,0,0,0,0,0,0,0,0,0,0,0,0,0
,科智碩1A科智碩1B科智碩2A科智碩2B,5,0,0,0,0,0,0,0,0,0,0,0,0,0,0,0,0,0,0,0
,科智碩1A科智碩1B科智碩2B,1,0,0,0,0,0,0,0,0,0,0,0,0,0,0,0,0,0,0,0
,科智碩1A科智碩2A,7,0,0,0,0,0,0,0,0,0,0,0,0,0,0,0,0,0,0,0
,科智碩1B科智碩2B,9,0,0,0,0,0,0,0,0,0,0,0,0,0,0,0,0,0,0,0
,科管智財所,2,1,0,0,0,0,0,0,0,0,0,1,0,0,0,0,0,0,0,0
,統計一,1,0,0,0,0,0,0,0,0,0,0,0,0,0,0,0,0,0,0,0
,統計三,2,0,0,0,0,0,0,0,0,0,0,0,0,0,0,0,0,0,0,0
,統計二,2,0,0,0,0,0,0,0,0,0,0,0,0,0,0,0,0,0,0,0
,統計博一統計博二,1,0,0,0,0,0,0,0,0,0,0,0,0,0,0,0,0,0,0,0
,統計四,4,1,0,0,0,0,0,0,0,0,1,1,0,0,1,0,0,0,0,0
,統計碩一,5,0,0,0,0,0,0,0,0,0,0,0,0,0,0,0,0,0,0,0
,統計碩一統計博一統計碩二統計博二,2,0,0,0,0,0,0,0,0,0,0,0,0,0,0,0,0,0,0,0
,統計碩一統計碩二,3,1,0,0,0,0,0,0,0,0,0,1,0,0,1,0,0,0,0,0
,統計碩二,1,1,25,0,0,0,0,0,0,0,0,1,0,0,0,0,0,0,0,0
,統計系,11,1,0,0,0,0,0,0,0,0,0,0,0,0,0,0,0,0,0,1
,經濟三甲經濟三乙經濟四甲經濟四乙,10,1,103,0,0,0,0,0,0,0,1,0,0,0,0,0,0,0,0,0
,經濟二甲經濟二乙經濟三甲經濟三乙經濟四甲經濟四乙,2,0,0,0,0,0,0,0,0,0,0,0,0,0,0,0,0,0,0,0
,經濟博一經濟博二,2,0,0,0,0,0,0,0,0,0,0,0,0,0,0,0,0,0,0,0
,經濟碩一經濟博一經濟碩二經濟博二,8,0,0,0,0,0,0,0,0,0,0,0,0,0,0,0,0,0,0,0
,經濟碩一經濟碩二,5,0,0,0,0,0,0,0,0,0,0,0,0,0,0,0,0,0,0,0
,經濟系,19,16,1468,0,0,0,0,0,0,0,16,0,0,0,0,0,0,0,0,1
,群智博一群智博二,3,0,0,0,0,0,0,0,0,0,0,0,0,0,0,0,0,0,0,0
,群智博三,1,0,0,0,0,0,0,0,0,0,0,0,0,0,0,0,0,0,0,0
,群智博二,1,0,0,0,0,0,0,0,0,0,0,0,0,0,0,0,0,0,0,0
,英文一乙,2,1,45,0,0,0,1,0,0,0,0,0,0,0,0,0,0,0,0,0
,英文一甲,2,0,0,0,0,0,0,0,0,0,0,0,0,0,0,0,0,0,0,0
,英文一甲英文一乙,9,0,0,0,0,0,0,0,0,0,0,0,0,0,0,0,0,0,0,0
,英文三甲英文三乙,7,0,0,0,0,0,0,0,0,0,0,0,0,0,0,0,0,0,0,0
,英文二甲英文二乙,7,0,0,0,0,0,0,0,0,0,0,0,0,0,0,0,0,0,0,0
,英文四甲英文四乙,3,1,0,0,0,0,1,0,0,0,0,0,0,0,0,0,0,0,0,0
,英文碩一,1,0,0,0,0,0,0,0,0,0,0,0,0,0,0,0,0,0,0,0
,英文碩一英博教一英文碩二英博教二,4,0,0,0,0,0,0,0,0,0,0,0,0,0,0,0,0,0,0,0
,英文碩一英博文一,1,0,0,0,0,0,0,0,0,0,0,0,0,0,0,0,0,0,0,0
,英文碩一英博文一英文碩二英博文二,4,0,0,0,0,0,0,0,0,0,0,0,0,0,0,0,0,0,0,0
,英文碩一英文碩二,1,0,0,0,0,0,0,0,0,0,0,0,0,0,0,0,0,0,0,0
,英文系,17,8,105,0,0,0,7,1,0,0,0,0,0,0,0,0,0,0,1,0
,華文博一華文博二,12,0,0,0,0,0,0,0,0,0,0,0,0,0,0,0,0,0,0,0
,華文博程,1,0,0,0,0,0,0,0,0,0,0,0,0,0,0,0,0,0,0,0
,華文碩一華文碩二,12,0,0,0,0,0,0,0,0,0,0,0,0,0,0,0,0,0,0,0
,華文碩程,6,0,0,0,0,0,0,0,0,0,0,0,0,0,0,0,0,0,0,0
,華語文中心,43,8,104,0,0,0,8,0,0,0,1,0,0,0,0,0,0,0,0,0
,行國防一行國防二,3,0,0,0,0,0,0,0,0,0,0,0,0,0,0,0,0,0,0,0
,行管碩一行國防一行管碩二行國防二,7,0,0,0,0,0,0,0,0,0,0,0,0,0,0,0,0,0,0,0
,行管碩一行國防一行領導一行管碩二行國防二行領導二,5,0,0,0,0,0,0,0,0,0,0,0,0,0,0,0,0,0,0,0
,行管碩一行管碩二,1,0,0,0,0,0,0,0,0,0,0,0,0,0,0,0,0,0,0,0
,行領導一行領導二,2,0,0,0,0,0,0,0,0,0,0,0,0,0,0,0,0,0,0,0
,語言所,5,0,0,0,0,0,0,0,0,0,0,0,0,0,0,0,0,0,0,0
,語言碩一語言博一語言碩二語言博二,7,0,0,0,0,0,0,0,0,0,0,0,0,0,0,0,0,0,0,0
,語言碩一語言碩二,3,0,0,0,0,0,0,0,0,0,0,0,0,0,0,0,0,0,0,0
,財政一甲財政一乙,1,0,0,0,0,0,0,0,0,0,0,0,0,0,0,0,0,0,0,0
,財政三甲財政三乙,2,0,0,0,0,0,0,0,0,0,0,0,0,0,0,0,0,0,0,0
,財政三甲財政三乙財政四甲財政四乙,9,4,0,0,0,0,1,0,0,0,1,1,0,0,1,1,0,0,1,3
,財政二甲財政二乙,1,0,0,0,0,0,0,0,0,0,0,0,0,0,0,0,0,0,0,0
,財政博一,1,0,0,0,0,0,0,0,0,0,0,0,0,0,0,0,0,0,0,0
,財政博一財政博二,1,0,0,0,0,0,0,0,0,0,0,0,0,0,0,0,0,0,0,0
,財政博一財政博二財政博三財政博四,1,0,0,0,0,0,0,0,0,0,0,0,0,0,0,0,0,0,0,0
,財政博二,1,0,0,0,0,0,0,0,0,0,0,0,0,0,0,0,0,0,0,0
,財政四甲財政四乙,2,0,0,0,0,0,0,0,0,0,0,0,0,0,0,0,0,0,0,0
,財政碩一財政博一財政碩二財政博二,8,0,0,0,0,0,0,0,0,0,0,0,0,0,0,0,0,0,0,0
,財政碩一財政碩二,4,1,0,0,0,0,1,0,0,0,1,1,0,0,1,1,0,0,0,1
,財政系,5,3,196,1,0,1,0,0,0,0,1,0,2,0,0,0,0,0,0,1
,財管三,4,0,0,0,0,0,0,0,0,0,0,0,0,0,0,0,0,0,0,0
,財管三財管四,5,0,0,0,0,0,0,0,0,0,0,0,0,0,0,0,0,0,0,0
,財管博一,3,0,0,0,0,0,0,0,0,0,0,0,0,0,0,0,0,0,0,0
,財管博一財管博二,1,0,0,0,0,0,0,0,0,0,0,0,0,0,0,0,0,0,0,0
,財管博二,1,0,0,0,0,0,0,0,0,0,0,0,0,0,0,0,0,0,0,0
,財管碩一,3,0,0,0,0,0,0,0,0,0,0,0,0,0,0,0,0,0,0,0
,財管碩一財管碩二,7,0,0,0,0,0,0,0,0,0,0,0,0,0,0,0,0,0,0,0
,財管碩二,1,0,0,0,0,0,0,0,0,0,0,0,0,0,0,0,0,0,0,0
,財管系,8,1,0,0,0,0,0,0,0,0,1,0,0,0,0,0,0,0,0,0
,資博學一,1,0,0,0,0,0,0,0,0,0,0,0,0,0,0,0,0,0,0,0
,資博學一資博學二,3,1,4,0,0,0,1,0,0,0,0,1,0,0,0,0,0,0,0,0
,資博產一,3,0,0,0,0,0,0,0,0,0,0,0,0,0,0,0,0,0,0,0
,資博產三,2,0,0,0,0,0,0,0,0,0,0,0,0,0,0,0,0,0,0,0
,資博產二,3,1,2,0,0,0,0,0,0,0,1,1,0,0,0,0,0,0,0,0
,資安碩一,1,0,0,0,0,0,0,0,0,0,0,0,0,0,0,0,0,0,0,0
,資安碩一資安碩二,12,0,0,0,0,0,0,0,0,0,0,0,0,0,0,0,0,0,0,0
,資安碩二,1,0,0,0,0,0,0,0,0,0,0,0,0,0,0,0,0,0,0,0
,資專碩一,1,0,0,0,0,0,0,0,0,0,0,0,0,0,0,0,0,0,0,0
,資專碩一資專碩二,7,0,0,0,0,0,0,0,0,0,0,0,0,0,0,0,0,0,0,0
,資碩工一資碩計一,18,0,0,0,0,0,0,0,0,0,0,0,0,0,0,0,0,0,0,0
,資碩工二資碩計二,1,0,0,0,0,0,0,0,0,0,0,0,0,0,0,0,0,0,0,0
,資科碩一資科碩二,1,0,0,0,0,0,0,0,0,0,0,0,0,0,0,0,0,0,0,0
,資管一甲資管一乙,2,0,0,0,0,0,0,0,0,0,0,0,0,0,0,0,0,0,0,0
,資管三甲資管三乙,7,6,86,0,0,0,0,0,0,0,0,6,0,0,0,0,0,0,0,0
,資管三甲資管三乙資管四甲資管四乙,7,1,0,0,0,0,1,0,0,0,0,1,0,0,0,0,0,0,0,0
,資管二甲資管二乙,4,0,0,0,0,0,0,0,0,0,0,0,0,0,0,0,0,0,0,0
,資管碩一,3,0,0,0,0,0,0,0,0,0,0,0,0,0,0,0,0,0,0,0
,資管碩一資博學一資管碩二資博學二,1,0,0,0,0,0,0,0,0,0,0,0,0,0,0,0,0,0,0,0
,資管碩一資管碩二,11,1,0,0,0,0,0,0,0,0,0,1,0,0,0,0,0,0,0,0
,資管系,6,3,0,0,0,0,2,0,0,0,0,1,0,0,0,0,0,0,0,0
,資訊一,5,0,0,0,0,0,0,0,0,0,0,0,0,0,0,0,0,0,0,0
,資訊一資訊二,1,0,0,0,0,0,0,0,0,0,0,0,0,0,0,0,0,0,0,0
,資訊三,4,0,0,0,0,0,0,0,0,0,0,0,0,0,0,0,0,0,0,0
,資訊三資訊四,11,0,0,0,0,0,0,0,0,0,0,0,0,0,0,0,0,0,0,0
,資訊二,4,0,0,0,0,0,0,0,0,0,0,0,0,0,0,0,0,0,0,0
,資訊二資訊三資訊四,1,0,0,0,0,0,0,0,0,0,0,0,0,0,0,0,0,0,0,0
,資訊博一,2,0,0,0,0,0,0,0,0,0,0,0,0,0,0,0,0,0,0,0
,資訊博一資碩工一資碩計一資訊博二,1,0,0,0,0,0,0,0,0,0,0,0,0,0,0,0,0,0,0,0
,資訊博二,2,0,0,0,0,0,0,0,0,0,0,0,0,0,0,0,0,0,0,0
,資訊學院,5,3,0,0,0,0,2,0,0,0,0,1,0,0,0,0,0,0,0,0
,軍訓,6,0,0,0,0,0,0,0,0,0,0,0,0,0,0,0,0,0,0,0
,輔諮碩一,5,0,0,0,0,0,0,0,0,0,0,0,0,0,0,0,0,0,0,0
,輔諮碩一輔諮碩二,4,0,0,0,0,0,0,0,0,0,0,0,0,0,0,0,0,0,0,0
,輔諮碩三,1,0,0,0,0,0,0,0,0,0,0,0,0,0,0,0,0,0,0,0
,輔諮碩二,2,0,0,0,0,0,0,0,0,0,0,0,0,0,0,0,0,0,0,0
,運動學程,6,1,0,0,0,1,0,0,0,0,0,0,0,0,0,0,0,0,0,0
,遠距通,1,1,0,0,0,1,0,0,0,0,0,0,0,0,0,0,0,0,0,0
,金融一金融二金融三金融四,1,0,0,0,0,0,0,0,0,0,0,0,0,0,0,0,0,0,0,0
,金融三,1,0,0,0,0,0,0,0,0,0,0,0,0,0,0,0,0,0,0,0
,金融三金融四,10,0,0,0,0,0,0,0,0,0,0,0,0,0,0,0,0,0,0,0
,金融博一,1,0,0,0,0,0,0,0,0,0,0,0,0,0,0,0,0,0,0,0
,金融博一金融博二,1,0,0,0,0,0,0,0,0,0,0,0,0,0,0,0,0,0,0,0
,金融博三,1,1,6,0,0,0,0,0,0,0,0,0,0,0,1,0,0,0,0,0
,金融博二金融博三,1,1,0,0,0,0,0,0,0,0,1,0,0,0,0,0,0,0,0,0
,金融四,1,0,0,0,0,0,0,0,0,0,0,0,0,0,0,0,0,0,0,0
,金融碩一,3,0,0,0,0,0,0,0,0,0,0,0,0,0,0,0,0,0,0,0
,金融碩一金融博一金融碩二金融博二,5,0,0,0,0,0,0,0,0,0,0,0,0,0,0,0,0,0,0,0
,金融碩一金融碩二,5,0,0,0,0,0,0,0,0,0,0,0,0,0,0,0,0,0,0,0
,金融碩二,1,0,0,0,0,0,0,0,0,0,0,0,0,0,0,0,0,0,0,0
,阿文一,9,3,70,0,0,0,3,0,0,0,0,0,0,0,0,0,0,0,0,0
,阿文三,3,1,37,0,0,0,1,0,0,0,0,0,0,0,0,0,0,0,0,0
,阿文三阿文四,6,0,0,0,0,0,0,0,0,0,0,0,0,0,0,0,0,0,0,0
,阿文二,6,4,133,0,0,0,4,0,0,0,0,0,0,0,0,0,0,0,0,0
,阿文四,2,1,34,0,0,0,1,0,0,0,0,0,0,0,0,0,0,0,0,0
,阿文系,1,0,0,0,0,0,0,0,0,0,0,0,0,0,0,0,0,0,0,0
,電物學程,8,0,0,0,0,0,0,0,0,0,0,0,0,0,0,0,0,0,0,0
,韓文一,7,1,23,0,0,0,1,0,0,0,0,0,0,0,0,0,0,0,0,0
,韓文三,9,4,86,0,0,0,4,0,0,0,0,0,0,0,0,0,0,0,0,0
,韓文三韓文四,1,0,0,0,0,0,0,0,0,0,0,0,0,0,0,0,0,0,0,0
,韓文二,7,3,94,0,0,0,3,0,0,0,0,0,0,0,0,0,0,0,0,0
,韓文四,2,1,30,0,0,0,1,0,0,0,0,0,0,0,0,0,0,0,0,0
,韓文碩一,1,0,0,0,0,0,0,0,0,0,0,0,0,0,0,0,0,0,0,0
,韓文碩一韓文碩二,6,0,0,0,0,0,0,0,0,0,0,0,0,0,0,0,0,0,0,0
,韓文系,11,6,191,0,0,0,6,0,0,0,0,0,0,0,0,0,0,0,0,0
,風管一,4,1,90,0,0,0,0,0,0,0,0,0,0,0,1,0,0,0,0,0
,風管三,1,0,0,0,0,0,0,0,0,0,0,0,0,0,0,0,0,0,0,0
,風管三風管四,6,0,0,0,0,0,0,0,0,0,0,0,0,0,0,0,0,0,0,0
,風管二,1,0,0,0,0,0,0,0,0,0,0,0,0,0,0,0,0,0,0,0
,風管二風管三風管四,1,0,0,0,0,0,0,0,0,0,0,0,0,0,0,0,0,0,0,0
,風管博一風管博二,3,0,0,0,0,0,0,0,0,0,0,0,0,0,0,0,0,0,0,0
,風管博一風管碩二風管博二,1,0,0,0,0,0,0,0,0,0,0,0,0,0,0,0,0,0,0,0
,風管碩一,1,0,0,0,0,0,0,0,0,0,0,0,0,0,0,0,0,0,0,0
,風管碩一風管博一風管碩二風管博二,4,0,0,0,0,0,0,0,0,0,0,0,0,0,0,0,0,0,0,0
,風管碩一風管碩二,12,0,0,0,0,0,0,0,0,0,0,0,0,0,0,0,0,0,0,0
,風管系,1,0,0,0,0,0,0,0,0,0,0,0,0,0,0,0,0,0,0,0
,體育,105,32,0,0,0,31,0,0,0,0,0,0,1,0,0,0,0,0,0,0
